<?xml version='1.0' encoding='utf-8' ?>
<toc topic="help/Mylyn WikiText User Guide.html" label="Mylyn WikiText User Guide">
	<topic href="help/Mylyn WikiText User Guide.html#Overview" label="Overview">
		<topic href="help/Mylyn WikiText User Guide.html#TableofContents" label="Table of Contents"></topic>
	</topic>
	<topic href="help/Getting-Started.html#GettingStarted" label="Getting Started">
		<topic href="help/Getting-Started.html#CreatingANewFile" label="Creating A New File"></topic>
		<topic href="help/Getting-Started.html#WikiTextEditorOverview" label="WikiText Editor Overview">
			<topic href="help/Getting-Started.html#MarkupSourceTab" label="Markup Source Tab"></topic>
			<topic href="help/Getting-Started.html#PreviewTab" label="Preview Tab"></topic>
			<topic href="help/Getting-Started.html#Outline" label="Outline"></topic>
		</topic>
		<topic href="help/Getting-Started.html#SwitchingMarkupLanguages" label="Switching Markup Languages"></topic>
		<topic href="help/Getting-Started.html#AccessingtheMarkupCheatSheet" label="Accessing the Markup Cheat-Sheet"></topic>
	</topic>
	<topic href="help/Task-Editor-Integration.html#TaskEditorIntegration" label="Task Editor Integration">
		<topic href="help/Task-Editor-Integration.html#RepositoryConfiguration" label="Repository Configuration"></topic>
	</topic>
	<topic href="help/Markup-Conversion.html#MarkupConversion" label="Markup Conversion">
		<topic href="help/Markup-Conversion.html#ConversionInEclipse" label="Conversion In Eclipse"></topic>
		<topic href="help/Markup-Conversion.html#ConversionusingAntbuildscripts" label="Conversion using Ant build scripts">
			<topic href="help/Markup-Conversion.html#DocBook" label="DocBook"></topic>
			<topic href="help/Markup-Conversion.html#DITA" label="DITA">
				<topic href="help/Markup-Conversion.html#wikitexttoditaMultipleFilesExample" label="wikitext-to-dita - Multiple Files Example"></topic>
				<topic href="help/Markup-Conversion.html#wikitexttoditaSingleOutputFileExample" label="wikitext-to-dita - Single Output File Example"></topic>
			</topic>
		</topic>
		<topic href="help/Markup-Conversion.html#AntExamples" label="Ant Examples"></topic>
	</topic>
	<topic href="help/Textile-Syntax.html#TextileSyntax" label="Textile Syntax">
		<topic href="help/Textile-Syntax.html#TextileSyntaxTips" label="Textile Syntax Tips">
			<topic href="help/Textile-Syntax.html#Whitespace" label="Whitespace"></topic>
			<topic href="help/Textile-Syntax.html#HTMLLiterals" label="HTML Literals"></topic>
			<topic href="help/Textile-Syntax.html#ImagesandDocBook" label="Images and DocBook"></topic>
		</topic>
		<topic href="help/Textile-Syntax.html#Examples" label="Examples"></topic>
	</topic>
	<topic href="help/Tips-and-Tricks.html#TipsandTricks" label="Tips and Tricks">
		<topic href="help/Tips-and-Tricks.html#HotKeys" label="Hot-Keys"></topic>
		<topic href="help/Tips-and-Tricks.html#WordCompletion" label="Word Completion"></topic>
		<topic href="help/Tips-and-Tricks.html#Spelling" label="Spelling"></topic>
		<topic href="help/Tips-and-Tricks.html#ContentAssist" label="Content Assist">
			<topic href="help/Tips-and-Tricks.html#TemplateBasedContentAssist" label="Template-Based Content Assist"></topic>
			<topic href="help/Tips-and-Tricks.html#SelectionandContentAssist" label="Selection and Content Assist"></topic>
		</topic>
	</topic>
	<topic href="help/Preferences.html#Preferences" label="Preferences"></topic>
	<topic href="help/More-Information.html#MoreInformation" label="More Information">
		<topic href="help/More-Information.html#Feedback" label="Feedback"></topic>
	</topic>
</toc>